accuracy,f1_score,precision_score,recall_score
accuracy,f1_score,precision_score,recall_score
0.7637941723496591,0.7549839228295819,0.7916385704652731,0.7215734480639213
0.7549597024178549,0.7748825288338318,0.7219421597240647,0.8362015980331899
0.6883137011779293,0.650200034788659,0.7490981963927855,0.5743700061462815
0.8526038437693738,0.8588811396349607,0.830416068866571,0.8893669330055316
0.7645691258524488,0.7600694992892119,0.7819304517387066,0.7393976644130301
0.8290452572845629,0.8430340116692756,0.7850516830108667,0.9102642901044868
0.8708927464352139,0.8772291820191599,0.842820730671198,0.9145666871542717
